{
  "AboutusPage" : {
    "transaction" : "AboutusPage",
    "sampleCount" : 5,
    "errorCount" : 0,
    "errorPct" : 0.0,
    "meanResTime" : 1712.0,
    "minResTime" : 1507.0,
    "maxResTime" : 1990.0,
    "pct1ResTime" : 1990.0,
    "pct2ResTime" : 1990.0,
    "pct3ResTime" : 1990.0,
    "throughput" : 1.7325017325017324,
    "receivedKBytesPerSec" : 55.583866619022864,
    "sentKBytesPerSec" : 0.2114870278932779
  },
  "HomePage" : {
    "transaction" : "HomePage",
    "sampleCount" : 5,
    "errorCount" : 0,
    "errorPct" : 0.0,
    "meanResTime" : 2641.0,
    "minResTime" : 2423.0,
    "maxResTime" : 2913.0,
    "pct1ResTime" : 2913.0,
    "pct2ResTime" : 2913.0,
    "pct3ResTime" : 2913.0,
    "throughput" : 1.337613697164259,
    "receivedKBytesPerSec" : 66.19959913389513,
    "sentKBytesPerSec" : 0.15544534176029962
  },
  "Total" : {
    "transaction" : "Total",
    "sampleCount" : 14,
    "errorCount" : 0,
    "errorPct" : 0.0,
    "meanResTime" : 2607.071428571429,
    "minResTime" : 1507.0,
    "maxResTime" : 3889.0,
    "pct1ResTime" : 3861.5,
    "pct2ResTime" : 3889.0,
    "pct3ResTime" : 3889.0,
    "throughput" : 1.6299918500407498,
    "receivedKBytesPerSec" : 64.56750640353941,
    "sentKBytesPerSec" : 0.20556816858772847
  },
  "ProductivityLink" : {
    "transaction" : "ProductivityLink",
    "sampleCount" : 4,
    "errorCount" : 0,
    "errorPct" : 0.0,
    "meanResTime" : 3683.5,
    "minResTime" : 3266.0,
    "maxResTime" : 3889.0,
    "pct1ResTime" : 3889.0,
    "pct2ResTime" : 3889.0,
    "pct3ResTime" : 3889.0,
    "throughput" : 0.9201748332183115,
    "receivedKBytesPerSec" : 33.74768159075224,
    "sentKBytesPerSec" : 0.1320954106280193
  }
}